"ID","A1","A2","A3","A4","A5","A6","A7","A8","A9","A10","A11","A12","A13","A14","A15","A16","List Entry Id","Status","StatusCode","DisvAccept"
"C11537280",0,0,0.651,1,0,0,0,0,0.984,0,0,0,0,0,0,0,11537280,"22. Dismissed",22,"D"
"C11537281",0,0,1,0,0,0,0,0,1,0,0,0,0,0,0,0,11537281,"22. Dismissed",22,"D"
"C11537282",0,0,0,0,0,0,0,0,0.986,0,0,0,0,0,0,0,11537282,"20. Further to follow",20,"R"
"C11537284",0,0,0,0,0,0,0,0,0,1,0,0,0,0,0,0,11537284,"22. Dismissed",22,"D"
"C11537285",0,0,0,0,0,0,0,0,0.939,0,0,0,0,0,0,0,11537285,"21. Discontinued",21,"D"
"C11537293",0,0,0,0,0,0,0,0,0,0,1,0,0,0,0,0,11537293,"22. Dismissed",22,"D"
"C11537298",0,0,0,1,0,0,0,0,0.84,0,0,0,0,0,0,0,11537298,"21. Discontinued",21,"D"
"C11537303",0,0,1,0,0,0,0,0,0.989,0,0,0,0,0,0,0,11537303,"20. Further to follow",20,"R"
"C11537304",0,0,1,0,0,0,0,0,0.924,0,1,0,0,0,0,0,11537304,"20. Further to follow",20,"R"
"C11537305",0,0,0,0,0,0,0,0,0.926,0,0,0,0,0,0,0,11537305,"22. Dismissed",22,"D"
"C11537306",0,0,0,1,0,0,0,0,0.964,0,0,0,0,0,0,0,11537306,"20. Further to follow",20,"R"
"C11721318",0,0,0.685,0,0,0,0,0,0.963,0,0,0,0,0,0,0,11721318,"22. Dismissed",22,"D"
"C11721320",0,0,0,0.969,0,0,0,0,0.98,0,0,0,0,0,0,0,11721320,"20. Further to follow",20,"R"
"C11721321",0,0,0,0,0,0,0,0,0.51,0,0,0,0,0,0,0,11721321,"22. Dismissed",22,"D"
"C11721322",0,0,0,0,0,0,0,0,0,0.996,0,0,0,0,0,0,11721322,"22. Dismissed",22,"D"
"C11721324",0,0,1,0,0,0,0,0,0.97,0,0,0,0,0,0,0,11721324,"22. Dismissed",22,"D"
"C11721325",0,0,0.719,0,0,0,0,0,0,0,0,0,0,0,0,0,11721325,"22. Dismissed",22,"D"
"C11721326",0,0,0.952,0,0,0,0,0,0,0,0,0,0,0,0,0,11721326,"22. Dismissed",22,"D"
"C11721327",0,0,0,0,0,0,0,0,0,0,0,0,0,0,0,0,11721327,"22. Dismissed",22,"D"
"C11721329",0,0,0,0,0,0,0,1,0,0,0,0,0,0,0,0,11721329,"22. Dismissed",22,"D"
"C11721332",0,0,1,0,0,0,0,0,0,0,0,0,0,0,0,0,11721332,"20. Further to follow",20,"R"
"C11721334",0,0,1,0,0,0,0,0,0.972,0,0,0,0,0,0,0,11721334,"20. Further to follow",20,"R"
"C11721335",0,0,0.714,0,0,0,0,0,1,0,0,0,0,0,0,0,11721335,"16. Closed",16,"R"
"C11721336",0,0,0,0,0,0,0,0,0.949,0,0,0,0,0,0,0,11721336,"22. Dismissed",22,"D"
"C11880827",0,0,1,0,0,0,0,0,0.983,0,0,0,0,0,0,0,11880827,"21. Discontinued",21,"D"
"C11900010",0,0,0,0,0,0,0,0,0,0.99,0,0,0,0,0,0,11900010,"20. Further to follow",20,"R"
"C11902690",0,0,0,1,0,0,0,0,0.835,0,0,0,0,0,0,0,11902690,"20. Further to follow",20,"R"
"C11942496",0,0,1,0,0,0,0,0,0.924,0,0,0,0,0,0,0,11942496,"21. Discontinued",21,"D"
"C11942497",0,0,0.699,0,0,0,0,0,0.712,0,0,0,0,0,0,0,11942497,"20. Further to follow",20,"R"
"C11942498",0,0,1,0,0,0,0,0,0,0,0,0,0,0,0,0,11942498,"20. Further to follow",20,"R"
"C11942499",0,0,0,0,0,0,0,0,0.671,0,0,0,0,0,0,0,11942499,"20. Further to follow",20,"R"
"C11942501",0,0,0.854,0,0,0,0,0,1,0,0,0,0,0,0,0,11942501,"20. Further to follow",20,"R"
"C11942607",0,0,0,0,0,0,0,0,0.986,0,0,0,0,0,0,0,11942607,"20. Further to follow",20,"R"
"C11949674",0,0,1,0,0,0,0,0,0,0,0,1,0,0,0,0,11949674,"20. Further to follow",20,"R"
"C11959207",0,0,0,0.957,0,0,0,0,0,0,0,0,0,0,0,0,11959207,"22. Dismissed",22,"D"
"C11962866",0,0,1,0.931,0,0,0,0,0.976,0,0,0,0,0,0,0,11962866,"20. Further to follow",20,"R"
"C11964425",0,0,1,0,0,0,0,0,0.934,0,0,0,0,0,0,0,11964425,"20. Further to follow",20,"R"
"C11967866",0,0,0.525,0,0,0,0,0,0.997,0,0,0,0,0,0,0,11967866,"22. Dismissed",22,"D"
"C11988540",0,0,0.99,0,0,0,0,0,0.991,0,0,0,0,0,0,0,11988540,"20. Further to follow",20,"R"
"C11990252",0,0,1,0,0,0,0,0,0.996,0,0,0,0,0,0,0,11990252,"20. Further to follow",20,"R"
"C11990293",0,0,0.718,0,0,0,0,0,0.967,0,0,0,0,0,0,0,11990293,"20. Further to follow",20,"R"
"C11995869",0,0,0,0,0,1,0,0,0.982,0,0,0,0,0,0,0,11995869,"20. Further to follow",20,"R"
"C12128720",0,0,0,0,0,0.897,0,0,0.971,0,0,0,0,0,0,0,12128720,"20. Further to follow",20,"R"
"C12128721",0,0.939,0,0,0.957,0,0.987,0,0,0,0,0,0,0,0,0,12128721,"20. Further to follow",20,"R"
"C12128722",0,0,1,0,0,0,0,0,0.925,0,0,0,0,0,0,0,12128722,"22. Dismissed",22,"D"
"C12128723",0,0,0.52,0,0,0,0,0,0.83,0,0,0,0,0,0,0,12128723,"20. Further to follow",20,"R"
"C12128724",0,0,0,0,0,0,0,0,0.989,0,0,0,0,0,0,0,12128724,"22. Dismissed",22,"D"
"C12128725",0,0,0.952,0,0,0,0,0,0.948,0,0,0,0,0,0,0,12128725,"20. Further to follow",20,"R"
"C12128726",0,0,0.603,0,0,0,0,0,0.938,0,0,0,0,0,0,0,12128726,"21. Discontinued",21,"D"
"C12128727",0,0,0,0,0,0,0,0,0,0,0,0,0,0,0,0,12128727,"22. Dismissed",22,"D"
"C12155187",0,0,1,0,0,0,0,0,0.983,0,0,0,0,0,0,0,12155187,"20. Further to follow",20,"R"
"C12192970",0,0,0.823,0,0,0,0,0,0.95,0,0,0,0,0,0,0,12192970,"20. Further to follow",20,"R"
"C12193091",0,0,1,0,0,0,0,0,1,0,0,0,0,0,0,0,12193091,"20. Further to follow",20,"R"
"C12193315",0,0,0.665,0,0,0,0,0,0,0,0,0,0,0,0,0,12193315,"21. Discontinued",21,"D"
"C12193942",0,0,0.894,0,0,0,0,0,0.993,0,0,0,0,0,0,0,12193942,"20. Further to follow",20,"R"
"C12194097",0,0,0.915,0,0,0,0,0,0.982,0,0,0,0,0,0,0,12194097,"20. Further to follow",20,"R"
"C12194694",0,0,0,0,0,0,0,0,0.992,0,0,0,1,0,0,0,12194694,"20. Further to follow",20,"R"
"C12198000",0,0,0,0,0,0,0,1,0.923,0,0,0.593,0,0,0,0,12198000,"22. Dismissed",22,"D"
"C12202102",0,0,0.795,0,0,0,0,0,0.97,0.994,0,0,0,0,0,0,12202102,"20. Further to follow",20,"R"
"C12202135",0,0,0,0,0,0,0,0,0,0,0,0,0,0,0,0,12202135,"21. Discontinued",21,"D"
"C12204323",0,0,1,0.966,0,0,0,0,0.754,0,0,0,0,0,0,0,12204323,"20. Further to follow",20,"R"
"C12204720",0.871,0,0,0,0,0,0,0.992,0.747,0,0,0,0,0,0,0,12204720,"22. Dismissed",22,"D"
"C12204811",0,0,0,0.993,0,0,0,0,1,0,0,0,0,0,0,0,12204811,"20. Further to follow",20,"R"
"C12205752",0,0,1,0,0,0,0,0,0.969,0,0,0,0,0,0,0,12205752,"20. Further to follow",20,"R"
"C12267763",0,0,0.787,0,0,1,0,0,0.991,0,0,0,0,0,0,0,12267763,"22. Dismissed",22,"D"
"C12275592",0,0,0,0,0.781,0,0,0,0,0.975,0,0,0,0,0,0,12275592,"20. Further to follow",20,"R"
"C12275612",0,0,0.92,0,0,0,0,0,0.997,0,0,0,0,0,0,0,12275612,"20. Further to follow",20,"R"
"C12275948",0,0,0,1,0.773,0,0.992,0,0,0,1,0,0,0,0,0,12275948,"20. Further to follow",20,"R"
"C12276288",0,0,0,0,0,0,0,0,0.993,0,0,0,0,0,0,0,12276288,"20. Further to follow",20,"R"
"C12276559",0,0,1,0,0,0,0,0,0.963,0,0,0,0,0,0,0,12276559,"22. Dismissed",22,"D"
"C12277663",0,0,1,1,0,0,0,0,0.981,0,0,0,0,0,0,0.867,12277663,"22. Dismissed",22,"D"
"C12277666",0,0,1,1,0,0,0,0,1,0,0,0,0,0,0,0,12277666,"20. Further to follow",20,"R"
"C12277793",0,0,0,0,0,0,0,0,0.999,0,0,0,0,0.774,0,0,12277793,"20. Further to follow",20,"R"
"C12281123",0,0,1,0,0,0,0,0,0.824,0,0,0,0,0,0,0.88,12281123,"22. Dismissed",22,"D"
"C12281861",0,0,0.614,0,0,0,0,1,0.949,0,0,0,0,0,0,0,12281861,"22. Dismissed",22,"D"
"C12348872",0,0,1,0,0.958,0,0,0,0.934,0,0,0,0,0,0,0,12348872,"20. Further to follow",20,"R"
"C12349546",0,0,0,0,0,0,0,0,0,0,0,1,0,0,0,0,12349546,"22. Dismissed",22,"D"
"C12349553",0,0,0.714,0,0,0,0,0,0,0,0,1,0,0,0,0,12349553,"20. Further to follow",20,"R"
"C12349573",0,0,1,0,0,0,0,0,0.983,0,0,0,1,0,0,0,12349573,"20. Further to follow",20,"R"
"C12355563",0,0,0.576,0,0,0,0,0,0,0,0,0,0,0,0,0,12355563,"20. Further to follow",20,"R"
"C12382802",0,0,0,0,0,0,0,0,0.95,0,0,0,0,0,0,0,12382802,"20. Further to follow",20,"R"
"C12382803",0,0,0,0,0,1,0,0,1,0,0,0,0,0,0,0.871,12382803,"22. Dismissed",22,"D"
"C12382807",0,0,1,0,0,0,0,0,0.953,0,0,0,0,0,0,0,12382807,"20. Further to follow",20,"R"
"C12382808",0,0,0,0,0,0,0,0,0.55,0,0,0,0,0,0.972,0,12382808,"22. Dismissed",22,"D"
"C12382809",0,0,0.841,1,0,0,0,0,0.995,0,0,0,0,0,0,0,12382809,"22. Dismissed",22,"D"
"C12382811",0,0,0.972,0,0,0,0,0,0,0,0,0,0,0,0,0,12382811,"22. Dismissed",22,"D"
"C12382812",0,0,1,0,0,0,0,0,0.618,0,0,0,0,0,0,0,12382812,"22. Dismissed",22,"D"
"C12382813",0,0,0.528,0,0.958,0,0,0,0,0,0,0,0,0,0,0,12382813,"20. Further to follow",20,"R"
"C12382814",0,0,1,0,0,0,0,0,0,0,0,0,0,0,0,0,12382814,"20. Further to follow",20,"R"
"C12382828",0,0,0,0,0,0,0,0,0,0,0,0,0,0,0,0,12382828,"22. Dismissed",22,"D"
"C12382829",0,0,0,0,0,0,0,0,0.983,0,0,0,0,0,0,0,12382829,"20. Further to follow",20,"R"
"C12382830",0,0,0,0,0,0,0,0,0.964,0,0,0,0,0,0,0,12382830,"22. Dismissed",22,"D"
"C12382831",0,0,0,0,0,0,0,0,0.941,1,0,0,0,0,0,0,12382831,"20. Further to follow",20,"R"
"C12433468",0,0,1,0,0,0,0,0,0.932,0,0,1,0,0,0,0,12433468,"22. Dismissed",22,"D"
"C12433469",0,0,0,0,0,0,0,0,0,0,0,0,0,0,0,0,12433469,"22. Dismissed",22,"D"
"C12434396",0,0,0,0,0,0,0,0,0,0,0,0,0,0,0,0,12434396,"20. Further to follow",20,"R"
"C12514773",0,0,0.64,0.976,0,0,0,0,0.981,0,0,0,0,0,0,0,12514773,"22. Dismissed",22,"D"
"C12514978",0,0,0.736,0,1,0,0,0,0,0,0,0,0,0,0,0,12514978,"20. Further to follow",20,"R"
"C12523242",0,0,0.958,0.978,0,0,0,0,0,0,0.72,0,0,0,0,0,12523242,"22. Dismissed",22,"D"
"C12535226",0,0,0.981,0,0,0,0,0,0.582,0,0,0,0,0,0,0,12535226,"20. Further to follow",20,"R"
"C12547424",0,0,0.657,0,0,0,0,0,0.559,0,0,0,0,0,0,0,12547424,"20. Further to follow",20,"R"
"C12561293",0,0,0.929,0,0,0,0,0,0,0,0,0,0,0,0,0,12561293,"20. Further to follow",20,"R"
"C12657143",0,0,0.969,0,0,0,0,0,0.673,0,0,0,0,0,0,0,12657143,"20. Further to follow",20,"R"
"C12662390",0,0,0,0,0,0,0,0,0.641,0,0,0,0,0,0,0,12662390,"20. Further to follow",20,"R"
"C12678111",0,0,1,0.937,0,0,0,0,0.956,0,0,0,0,0,0,0,12678111,"22. Dismissed",22,"D"
"C12769565",0,0,0,0,0,0,0,0,0.991,0.762,0,0,1,0,0,0,12769565,"20. Further to follow",20,"R"
"C12777235",0,0,1,0,0,0,0,0,0.677,0,0,0,0,0,0,0,12777235,"20. Further to follow",20,"R"
"C12832906",0,0,0,0,0,0,0,0,0.69,0,0,0,0,0,0,0,12832906,"22. Dismissed",22,"D"
"C13041593",0,0,0,0,0,0,0,0,0.657,0,0,0,0,0,0,0,13041593,"20. Further to follow",20,"R"
"C13102187",0,0,1,0,0,0,0,0,0.736,0,0,0,0,0,0,0,13102187,"20. Further to follow",20,"R"
"C13146722",0,0,1,0,0,0,0,0,0,0,0,0,0,0,0,0,13146722,"21. Discontinued",21,"D"
"C13201842",0,0,0.814,0,0,0,0,0,0.956,0,0,0,0,0,0,0,13201842,"22. Dismissed",22,"D"
"C13351747",0,0,0.69,0,0,0,0.991,0,0.933,0,0,0,0,0,0,0,13351747,"20. Further to follow",20,"R"
"C13389580",0,0,0.904,0.924,0,0,0,0,0.702,0,0,0,0,0,0,0,13389580,"20. Further to follow",20,"R"
"C13795236",0,0,0.757,0,0,0,0,0,0.956,0,0,0,0.613,0,0,1,13795236,"20. Further to follow",20,"R"
"C13795254",0,0,0,0,0,0.548,0,0,0.981,0,0,0,0,0,0,0,13795254,"20. Further to follow",20,"R"
"C13879460",0,0,1,0,0,0,0,0,0.984,0,0,0,0,0,0,0,13879460,"21. Discontinued",21,"D"
"C13879720",0,0,0,0,0,0,0,0,0.659,0.966,0,0,0,0,0,0,13879720,"20. Further to follow",20,"R"
"C13889687",0,0,1,0,0,0,0,0,0.961,0,0,0,0,0,0,0,13889687,"20. Further to follow",20,"R"
"C13889742",0,0,1,0,0,0,0,0,0.987,0,0,0,0,0,0,0,13889742,"20. Further to follow",20,"R"
"C13891498",0,0,0,0,0,0,0,0,0.985,0,0,0,0,0,0,0,13891498,"22. Dismissed",22,"D"
"C13910980",0,0,0.947,0,0.964,0,0,0,0,0,0,0,0,0,0,0,13910980,"20. Further to follow",20,"R"
"C13926618",0,0,0.826,0,0,0,0.989,0,0.94,0,0,0,0,0,0,0,13926618,"20. Further to follow",20,"R"
"C13927747",0,0,0.914,0,0,0,0,0,0.949,0,0,0,0,0,0,0,13927747,"22. Dismissed",22,"D"
"C13945134",0,0,0.905,0,0,0,0,0,0.5,0,0,0,0,0,0,0,13945134,"16. Closed",16,"R"
"C13957649",0,0,0.64,0,0,0,0,0,0,0,0,0,0,0,0,0,13957649,"20. Further to follow",20,"R"
"C13983810",0,0,0.725,0,0,0,0,0,0.556,0,0,0,0,0,0,0,13983810,"20. Further to follow",20,"R"
"C13998493",0,0,0,0,0,0,0,0,0,0,0,0,0,0,0,0,13998493,"20. Further to follow",20,"R"
"C14001330",0,0,0.988,0,0,0,0,0,0.698,0,0,0,0,0,0,0,14001330,"22. Dismissed",22,"D"
"C14011557",0,0,0.668,0,0,0,0,0,0.922,0,0,0,0,0,0,0,14011557,"22. Dismissed",22,"D"
"C14088459",0,0,1,0,0,0,0,0,0.961,0,0,0,0,0,0,0,14088459,"19. BAQ not returned",19,"R"
"C14094112",0,0,0,0,0.961,0,0,0,0,0,0,0,0,0,0,0,14094112,"20. Further to follow",20,"R"
"C14094646",0,0,1,0,0,0,0,0,0.985,0,0,0,0,0,0,0,14094646,"22. Dismissed",22,"D"
"C14281079",0,0,0.928,0,0,0,0,0,0.982,0,0,0,0,0,0,0,14281079,"20. Further to follow",20,"R"
"C14282332",0,0,1,0,0,0,0,0,0.986,0,0,0,0,0,0,0,14282332,"20. Further to follow",20,"R"
"C14298895",0,0,0.599,0,0,1,0,0,0.981,0,0,0,0,0,0,0,14298895,"20. Further to follow",20,"R"
"C14307024",0,0,0,0,0,0,0,0,0.841,0,0,0,0,0,0,0,14307024,"20. Further to follow",20,"R"
"C14307936",0,0,1,0,0,0,0,0,0.957,0,0,0,0,0,0,0,14307936,"20. Further to follow",20,"R"
"C14312339",0,0,0,0,0,0,0.992,0,0.949,0,0,0,0,0,0,0,14312339,"20. Further to follow",20,"R"
"C14343352",0,0,1,0.958,0,0,0,0,0.986,0,0,0,0,0,0,0,14343352,"20. Further to follow",20,"R"
"C14370407",0,0,0.515,1,0,0,0,0,0.993,0,0,0,0,0,0,0,14370407,"19. BAQ not returned",19,"R"
"C14392350",0,0,1,0,0,0,0,0,0,0,0,0,0,0,0,0,14392350,"20. Further to follow",20,"R"
"C14395110",0,0,1,0,0,0,0,0,0.938,0,0,0,0,0,0,0,14395110,"22. Dismissed",22,"D"
"C14433247",0,0,0.983,0,0,0,0,0,0.925,0,0,0.56,0,0,0,0,14433247,"22. Dismissed",22,"D"
"C14433990",0,0,0.988,0,0,0,0,0,0.739,0,0,0,0,0,0,0,14433990,"20. Further to follow",20,"R"
"C14434085",0,0,0.656,0.971,0,0,0,0,0,0,0,0,0,0,0,0,14434085,"20. Further to follow",20,"R"
"C14434395",0,0,0.832,0,0,0,0,0,0.954,0,0,0,0,0,0,0,14434395,"22. Dismissed",22,"D"
"C14434806",0,0,0.657,0,0,0,0,0,0.984,0,0,0,0,0,0,0,14434806,"20. Further to follow",20,"R"
"C14438378",0,0,0.589,0,0,0,0,0,0.985,0,0,0,0,0,0,0,14438378,"20. Further to follow",20,"R"
"C14488283",0,0,1,0,0,0,0,0,0.981,0,0,0,0,0,0,0,14488283,"20. Further to follow",20,"R"
"C14498748",0,0,1,0,0,0.726,0,0,0.987,0,0,0,0,0,0,0,14498748,"22. Dismissed",22,"D"
"C14500653",0,0,0.692,0,0,0,0,0,0,0,0,0,0,0,0,0,14500653,"20. Further to follow",20,"R"
"C14500682",0,0,0.955,0,0,0,0,0,0,0,0,0,0,0,0,0,14500682,"20. Further to follow",20,"R"
"C14548620",0,0,0.868,0,0,0,0,0,0.928,0,0,0,0,0,0,0,14548620,"20. Further to follow",20,"R"
"C14586087",0,0,1,0,0.818,0,0,0,0,0,0,0,0,0,0,0.869,14586087,"22. Dismissed",22,"D"
"C14629910",0,0,0,1,0,0,0,0,0,0,0,1,0,0,0,0,14629910,"20. Further to follow",20,"R"
"C14762804",0,0,0.808,0,0,0,0,0,0.929,0,0,0,0,0,0,0,14762804,"20. Further to follow",20,"R"
"C14837904",0,0,1,0,0,0,0,0,0.983,0,0,0,0,0,0,0,14837904,"20. Further to follow",20,"R"
"C14850634",0,0,1,0,0,0,0,0,0.624,0,0,0,0,0,0,0,14850634,"3. First interview",3,"R"
"C14929999",0,0,0,0,0,0,0,0,0.993,0,0,0,0,0,0,0,14929999,"20. Further to follow",20,"R"
"C14936126",0,0,0.93,0,0,0,0,0,0.669,0,0,0,0,0,0,0,14936126,"3. First interview",3,"R"
"C14943097",0,0,0,0,0,0,0,0,0.985,0,0,0,0.832,0,0,0,14943097,"3. First interview",3,"R"
"C14944771",0,0,0.915,0,0,0,0,0,0.98,0,0,0,0,0,0,0,14944771,"20. Further to follow",20,"R"
"C14956293",0,0,0.899,0,0,0,0,0,0.995,0,0,0,0,0,0,0,14956293,"20. Further to follow",20,"R"
"C14956334",0,0,1,0,0,0,0,0,0.939,0,0,0,0,0,0,0,14956334,"20. Further to follow",20,"R"
"C15001932",0,0,0,0,0,0,0,0,0,0,0,0,0,0,0,0,15001932,"21. Discontinued",21,"D"
"C15047338",0,0,0,0,0.978,0,0,0,0,0,0,0,1,0,0,0,15047338,"20. Further to follow",20,"R"
"C15056705",0,0,0.691,0,0,0,0,0,0.927,0,0,0,0,0,0,0,15056705,"20. Further to follow",20,"R"
"C15137116",0,0,0,0,0,0,0,0,1,0,0,0,0,0,0,0,15137116,"20. Further to follow",20,"R"
"C15137135",0,0,0,0,0,0,0,0,0.78,0.989,0,0,0,0,0,0,15137135,"20. Further to follow",20,"R"
"C15185469",0,0,0,0,0,0,0,0,0,0,0,0,0.557,0,0,0,15185469,"20. Further to follow",20,"R"
"C15213058",0,0,1,0,0,0,0,0,0.96,0,0,1,0,0,0,0,15213058,"22. Dismissed",22,"D"
"C15215983",0,0,0,0,0,0,0,0,0.987,0,0,0,0,0,0,0.899,15215983,"20. Further to follow",20,"R"
"C15216239",0,0,0,0,0.985,0,0,0,0.558,0,0,0,0,0,0,0,15216239,"20. Further to follow",20,"R"
"C15244327",0,0,1,0,0,0,0,0,0.972,0,0,0,0,0,0,0,15244327,"22. Dismissed",22,"D"
"C15289051",0,0,0,1,0,0,0,0,0.94,0,0,0,0,0,0,0,15289051,"22. Dismissed",22,"D"
"C15339001",0,0,0,0,0,0,0,0,0.953,0,0,0,0,0,0,0,15339001,"4. Deal call candidate",4,"R"
"C15396056",0,0,0.9,0,0,0,0,0,0.956,0,0,0,0,0,0,0,15396056,"20. Further to follow",20,"R"
"C15451901",0,0,0.97,0,0,0,0,0,0.632,0,0,0,0,0,0,0,15451901,"20. Further to follow",20,"R"
"C15476376",0,0,0.572,1,0,0,0,0,0.762,0,0,0,0,0,0,0,15476376,"20. Further to follow",20,"R"
"C15615429",0,0,0,0,0,0,0,0,0.981,0,0,0,0,0,0,0,15615429,"3. First interview",3,"R"
"C15615888",0,0,0.781,0.951,0,0,0,0,0.984,0,0,0,0,0,0,0,15615888,"4. Deal call candidate",4,"R"
"C15668316",0,0,0,1,0,0,0,0,0.685,0,0,0,0,0,0,0,15668316,"3. First interview",3,"R"
"C15669019",0,0,0.977,0,0,0,0,0,0.99,0,0,0,0,0,0,0,15669019,"22. Dismissed",22,"D"
"C15794130",0,0,0,0,0.965,0,0,0,0.982,0,0,0,0,0,0,0,15794130,"22. Dismissed",22,"D"
"C15839256",0,0,0,0,0,0,0,0,0.998,0,0,0,0,0,0,0,15839256,"20. Further to follow",20,"R"
"C15840250",0,0,1,0,0,0,0.988,0,0.744,0,0,0,0,0,0,0,15840250,"22. Dismissed",22,"D"
"C15918101",0,0,0,0,0,0,0,0,0,0,0,0,0,0,0,0,15918101,"20. Further to follow",20,"R"
"C15921479",0,0,0.981,0,0,0,0,0,0.555,0,0,0,0,0,0,0,15921479,"22. Dismissed",22,"D"
"C15980588",0,0,0.593,0,0,0,0,0,0.984,0,0,0,0,0,0,0,15980588,"20. Further to follow",20,"R"
"C16016889",0,0,0.696,0,0,0,0,0,0.948,0,0,0,0,0,0,0,16016889,"3. First interview",3,"R"
"C16017794",0,0,0,0,0,0,0,0,0.679,0,0,0,0,0,0,0,16017794,"3. First interview",3,"R"
"C16045860",0,0,0.998,0,0,0,0,0,0.992,0,0,0,0,0,0,0,16045860,"22. Dismissed",22,"D"
"C16115212",0,0,0,1,0,0,0.989,0,0,0,0,0,0,0,0,0,16115212,"21. Discontinued",21,"D"
"C16134950",0,0,0.578,0,0.978,0,0,0,0,0,0,0,0,0,0,0,16134950,"22. Dismissed",22,"D"
"C16191494",0,0,1,0,0,0,0,0,0,0,0,0,0,0,0,0.868,16191494,"20. Further to follow",20,"R"
"C16283367",0,0,0,1,0,0,0,0,0,0,0,0,0,0,0,0,16283367,"20. Further to follow",20,"R"
"C16283370",0,0,0.639,0,0,0,0,0,0.555,0,0,0,0,0,0,0,16283370,"22. Dismissed",22,"D"
"C16283371",0,0,0,0,0,0,0,0,0.988,0,0,0,0,0,0,0,16283371,"20. Further to follow",20,"R"
"C16283372",0,0,0,1,0,0,0,0,0,0,0,0,0,0,0,0,16283372,"20. Further to follow",20,"R"
"C16283373",0,0,0,1,0,0,0.996,0,0,0,0,0,0,0,0,0,16283373,"20. Further to follow",20,"R"
"C16283374",0,0,0,0,0,0,0,0,0,0,0,0,0,0,0,0,16283374,"20. Further to follow",20,"R"
"C16283375",0,0,1,0,0,0,0,0,0,0,0,0,0,0,0,0,16283375,"20. Further to follow",20,"R"
"C16283376",0,0,0.576,0,0,0,0,0,0.99,0,0,0,0,0,0,0,16283376,"20. Further to follow",20,"R"
"C16283377",0,0,0,0,0,0,0,0,0.824,0,0,0,0,0,0,0,16283377,"20. Further to follow",20,"R"
"C16283378",0,0,1,0,0,0,0,0,0.994,0.99,0,0,0,0,0,0,16283378,"22. Dismissed",22,"D"
"C16283379",0,0,0.87,0,0,0,0,0,0,0.908,0,0,0,0,0,0,16283379,"21. Discontinued",21,"D"
"C16283380",0,0,0,0,0,0,0,0,0.939,0,0,0,0,0,0,0,16283380,"22. Dismissed",22,"D"
"C16283381",0,0,1,0,0,0,0,0,0.953,0,0,0,0,0,0,0,16283381,"22. Dismissed",22,"D"
"C16283382",0,0,1,0,0,1,0,0,0.988,0,0,0,0,0,0,0,16283382,"21. Discontinued",21,"D"
"C16283383",0,0,0,0,0,0,0,0,0,0.659,0,0,0,0,0,0,16283383,"21. Discontinued",21,"D"
"C16283384",0,0,1,1,0,0,0,0,0.806,0,0,0,0,0,0,0,16283384,"20. Further to follow",20,"R"
"C16283385",0,0,0.957,0,0,0,0,0,0.968,0,0,0,0,0,0,0,16283385,"21. Discontinued",21,"D"
"C16283387",0,0,0.601,0,0,0,0,0,0,0,0,0,0,0,0,0,16283387,"22. Dismissed",22,"D"
"C16283388",0,0,1,0,0,0,0,0,0.687,0,0,0,0,0,0,0,16283388,"20. Further to follow",20,"R"
"C16283389",0,0,0.951,0,0,0,0,0,0,0.934,0,0,0,0,0,0,16283389,"20. Further to follow",20,"R"
"C16283390",0,0,0.525,0,0,0,0,0,0.984,0,0,0,0,0,0,0,16283390,"20. Further to follow",20,"R"
"C16283391",0,0,1,0.93,0,0,0,0,0,0,0,0,0,0,0,0,16283391,"22. Dismissed",22,"D"
"C16283392",0,0,0.73,0,0,0,0,0,0.928,0,0,0,0,0,0,0,16283392,"3. First interview",3,"R"
"C16287295",0,0,0.752,0,0,0,0,0,0.98,0,0,0,0,0,0,0,16287295,"3. First interview",3,"R"
"C16445803",0,0,0.638,0,0,0,0,0,0,0,0,0,0,0,0,0,16445803,"22. Dismissed",22,"D"
"C16445806",0,0,0,0,0,0,0,0,0,0,0,0,0,0,0,0,16445806,"20. Further to follow",20,"R"
"C16463615",0,0,0.809,0,0,0,0,0,0.561,0,0,0,0,0,0,0,16463615,"20. Further to follow",20,"R"
"C16494723",0,0,0,0,0,0,0,0,0,0,0,0.897,0.797,0,0,0,16494723,"3. First interview",3,"R"
"C16495108",0,0,1,0,0,0,0,0,0,0,0,0,0,0,0,0,16495108,"4. Deal call candidate",4,"R"
"C16500589",0,0,0,0.973,0.815,0,0,0,0.542,0,0,0,0,0,0,0,16500589,"16. Closed",16,"R"
"C16574650",0,0,0.704,0,0,0,0,0,0.963,0,0,0,0,0,0,0,16574650,"22. Dismissed",22,"D"
"C16574651",0,0,1,0,0,0,0,0,0,0,0,0,0,0,0,0,16574651,"22. Dismissed",22,"D"
"C16578725",0,0,0,0,0,0,0,0,0,0,0,0,0,0,0,0,16578725,"20. Further to follow",20,"R"
"C16586355",0,0,1,0,0,0,0,0,0.919,0,0,0,0,0,0,0,16586355,"22. Dismissed",22,"D"
"C16731083",0,0,0.996,0,0,0,0,0,0,0,0,0,0,0,0,0,16731083,"20. Further to follow",20,"R"
"C16752089",0,0,1,0,0,0,0,0,0.981,0,0,0,0,0,0,0,16752089,"21. Discontinued",21,"D"
"C16757849",0,0,0.66,0,0,0,0,0,0.971,0,0,0,0,0,0,0,16757849,"20. Further to follow",20,"R"
"C16763899",0,0,1,0,0,0,0,0,0,0,0,0,0,0,0,0,16763899,"22. Dismissed",22,"D"
"C16770890",0,0,1,0,0,0,0,0,0.964,0,0,0,0,0,0,0,16770890,"3. First interview",3,"R"
"C16788104",0,0,0.967,0,0,0,0,0,0.952,0,0,0,0,0,0,0,16788104,"20. Further to follow",20,"R"
"C16832182",0,0,0.71,0,0,0,0,0,0.952,0,0,0,0,0,0,0,16832182,"22. Dismissed",22,"D"
"C16840552",0,0,0,0,0,0,0,0,0.792,0,0,0,0,0,0,0,16840552,"21. Discontinued",21,"D"
"C16861858",0,0,0.921,0,0,0,0,0,0.99,0,0,0,0,0,0,0,16861858,"20. Further to follow",20,"R"
"C16893232",0,0,1,0,0,0,0,0,0.938,0,0,0,0,0,0,0,16893232,"22. Dismissed",22,"D"
"C16945459",0,0,1,0,0,0,0,0,0.924,0,0,0,0,0,0,0,16945459,"16. Closed",16,"R"
"C16982226",0,0,1,0,0,0,0,0,0.968,0,0,0,0,0,0,0,16982226,"20. Further to follow",20,"R"
"C17003657",0,0,0.609,0,0.783,0,0,0,0.502,0,0,0,0,0,0,0,17003657,"22. Dismissed",22,"D"
"C17003687",0,0,0.993,0,0,0,0,0,0.937,0,0,0,0,0,0,0,17003687,"20. Further to follow",20,"R"
"C17005371",0,0,0,0,0,0,0,0,0,0.796,0,0,0,0,0,0,17005371,"20. Further to follow",20,"R"
"C17011363",0,0,0,0,0,0,0,0,0.689,0,0,0,0,0,0,0,17011363,"22. Dismissed",22,"D"
"C17027131",0,0,0.59,0,0,0,0,0,0.962,0,0,0,0,0,0,0,17027131,"7. Deal call TOP 10",7,"R"
"C17028161",0,0,1,0.95,0,0,0.987,0,0.939,0,0,0,0,0,0,0,17028161,"22. Dismissed",22,"D"
"C17030885",0,0,1,0,0,0,0,0,0,0,0,0,0,0,0,0,17030885,"20. Further to follow",20,"R"
"C17076776",0,0,0,0,0,0,0,0,0.98,0,0,0,0,0,0,0,17076776,"7. Deal call TOP 10",7,"R"
"C17076956",0,0,1,0,0,0,0,0,0.663,0,0,0,0,0,0,0,17076956,"20. Further to follow",20,"R"
"C17088800",0,0,0,0,0,0,0,0,0.983,0,0,0,0.937,0,0,0,17088800,"20. Further to follow",20,"R"
"C17090505",0,0,0.598,0,0,0,0,0,0,0.888,0,0,0,0,0,0,17090505,"5. Deal Call Pre-selection",5,"R"
"C17117592",0,0,1,0,0,0,0,0,0.701,0,0,1,0,0,0,0,17117592,"22. Dismissed",22,"D"
"C17120097",0,0,0,0,0.758,0,0,0,0,0,0,0,0,0,0,0,17120097,"20. Further to follow",20,"R"
"C17140865",0,0,1,0,0,0,0,0,0.774,0,0,0,0,0,0,0,17140865,"21. Discontinued",21,"D"
"C17162096",0,0,0,0,0.951,0,0,0,0,0.989,0,0,0,0,0,0,17162096,"20. Further to follow",20,"R"
"C17188621",0,0,0.954,0,0,0,0,0,0.924,0,0,0,0,0,0,0,17188621,"20. Further to follow",20,"R"
"C17189819",0,0,0,0,0,0,0,0,0.649,0,0,0,0,0,0,0,17189819,"20. Further to follow",20,"R"
"C17212592",0,0,0,0,0,0,0,0,0,0,0,0,0,0,0,0,17212592,"20. Further to follow",20,"R"
"C17229789",0,0,1,0,0,0,0,0,0.546,0,0,0,0,0,0,0,17229789,"22. Dismissed",22,"D"
"C17259719",0,0,1,0,0,0,0,0,0,0,0,0,0,0,0,0,17259719,"22. Dismissed",22,"D"
"C17259785",0,0,1,0,0,0,0,0,0.982,0,0,0,0,0,0,0,17259785,"20. Further to follow",20,"R"
"C17314936",0,0,0.652,0,0,0,0,0,0.953,0,0,0,0,0,0,0,17314936,"20. Further to follow",20,"R"
"C17401154",0,0,0.896,0,0,0,0,0,0.984,0,0,0,0,0,0,0,17401154,"20. Further to follow",20,"R"
"C17421482",0,0,0.96,0,0,0,0,0,0,0,0.882,0,0,0,0,0,17421482,"20. Further to follow",20,"R"
"C17421609",0,0,0,0,0,0,0,0,0.93,0,0.686,0,0,0,0,0,17421609,"3. First interview",3,"R"
"C17426169",0,0,0.96,0,0,0,0,0,0,0,0.882,0,0,0,0,0,17426169,"2. Initial Contact Phase",2,"R"
"C17429910",0,0,0.909,0,0,0,0,0,0.934,0,0,0,0,0,0,0,17429910,"2. Initial Contact Phase",2,"R"
"C17466478",0,0,0,0,0.994,0,0,0,0.573,0,0,0,0,0,0,0,17466478,"20. Further to follow",20,"R"
"C17501657",0,0,0,0,0,0,0,0,0.936,0,0,0,0,0,0,0,17501657,"20. Further to follow",20,"R"
"C17503760",0,0,0.698,0,0,0,0,0,0,0,0,0,0,0,0,0,17503760,"20. Further to follow",20,"R"
"C17532274",0,0,0.97,0,0,0,0,0,0.847,0,0,0,0,0,0,0,17532274,"20. Further to follow",20,"R"
"C17533725",0,0,0.807,0,0,0,0,0,0.987,0,0,0,0,0,0,0,17533725,"20. Further to follow",20,"R"
"C17536384",0,0,0.82,0,0,0,0,0,0,0,0,0,1,0,0,0,17536384,"3. First interview",3,"R"
"C17578140",0,0,0.972,0,0,0,0,0,1,0,0,0,0,0,0,0,17578140,"22. Dismissed",22,"D"
"C17615161",0,0,1,0,0,0,0,0,0.95,0,0,0,0,0,0,0,17615161,"20. Further to follow",20,"R"
"C17623944",0,0,0,0,0,0,0,0,0,0,0,0,0,0,0,0,17623944,"20. Further to follow",20,"R"
"C17655666",0,0,0,0,0,0,0,0,1,0,0,0,0,0,0,0,17655666,"20. Further to follow",20,"R"
"C17727095",0,0,0.802,0,0,0,0,0,0.937,0,0,0,0,0,0,0,17727095,"20. Further to follow",20,"R"
"C17802878",0,0,0,0,0,0,0,0,0.958,0,0,0,0,0,0,0,17802878,"20. Further to follow",20,"R"
"C17816751",0,0,0,0,0,0,0,0,0.749,0,0,0,0,0,0,0,17816751,"20. Further to follow",20,"R"
"C17845448",0,0,1,0,0,0,0,0,0.975,0,0,0,0,0,0,0,17845448,"22. Dismissed",22,"D"
"C17848218",0,0,1,0,0,0,0,0,0.586,0,0,1,0,0,0,0,17848218,"22. Dismissed",22,"D"
"C17855953",0,0,0.986,0,0,0,0,0,0.985,0,0,0,0,0,0,0,17855953,"3. First interview",3,"R"
"C17908653",0,0,1,0,0,0,0,0,0.812,0,0,0,0,0,0,0,17908653,"20. Further to follow",20,"R"
"C17961561",0,0,0.709,0,0,0,0,0,0.924,0,0,0,0,0,0,0,17961561,"20. Further to follow",20,"R"
"C17965593",0,0,0,0,0,0,0,0,0.552,0,0,0,0.812,0,0,0,17965593,"20. Further to follow",20,"R"
"C17977164",0,0,1,0,0,0,0,0,0.765,0,0,0,0,0,0,0,17977164,"20. Further to follow",20,"R"
"C18012670",0,0,0.838,0,0,0,0,0,0,0,0,0,0.816,0,0,0,18012670,"4. Deal call candidate",4,"R"
"C18013028",0,0,0,1,0,0,0,0,0.589,0,0,0,0,0,0,0,18013028,"3. First interview",3,"R"
"C18083377",0,0,0.736,0,0,0,0,0,0,0,0,1,0,0,0,0,18083377,"20. Further to follow",20,"R"
"C18093062",0,0,1,0,0,0,0,0,0,0,0,0,0,0,0,0,18093062,"20. Further to follow",20,"R"
"C18103742",0,0,0.816,0,0,0,0,0,0.983,0,0,0,0,0,0,0,18103742,"22. Dismissed",22,"D"
"C18103851",0,0,1,0,0,0,0,0,0.675,0,0,0,0,0,0,0,18103851,"3. First interview",3,"R"
"C18264860",0,0,0.827,0,0,0,0,0,0,0,0,0,0,0,0,0,18264860,"20. Further to follow",20,"R"
"C18304591",0,0,0.612,0,0,0,0,0,0.99,0,0,0,0,0,0,0,18304591,"20. Further to follow",20,"R"
"C18305361",0,0,1,0,0,0,0,0,0.942,0,0,0,0,0,0,0,18305361,"20. Further to follow",20,"R"
"C18365794",0,0,0,0,0.954,0,0,0,0,0,0,0,0,0,0,0,18365794,"22. Dismissed",22,"D"
"C18430516",0,0,0.607,0,0,0,0,0,0,0,0,0,0,0,0,0,18430516,"20. Further to follow",20,"R"
"C18495301",0,0,0,0,0,0,0,0,0.934,0,0,0,0,0,0,0,18495301,"20. Further to follow",20,"R"
"C18611386",0,0,0,0,0,0,0,0,0,0,0,0,0,0,0,0,18611386,"4. Deal call candidate",4,"R"
"C18879346",0,0,1,0,0,0,0,0,0.97,0,0,0,0,0,0,0,18879346,"20. Further to follow",20,"R"
"C18879680",0,0,0,0,0,0,0,0,0,0.999,0,0,0,0,0,0,18879680,"20. Further to follow",20,"R"
"C19057842",0,0,0,0,0,0,0,0,0.962,0,0,0,0,0,0,0,19057842,"20. Further to follow",20,"R"
"C19084989",0,0,0.874,0,0,0,0,0,0.986,0,0,0,0,0,0,0,19084989,"20. Further to follow",20,"R"
"C19116050",0,0,0.78,0,0,0,0,0,0.599,0,0,0,0,0,0,0,19116050,"20. Further to follow",20,"R"
"C19320496",0,0,0,0,0,0,0,1,0,0,0,0,0,0,0,0,19320496,"3. First interview",3,"R"
"C19349230",0,0,1,0,0,0,0,0,0,0,0,0,0,0,0,0,19349230,"22. Dismissed",22,"D"
"C19351005",0,0,0,0,0,0,0,0,0,0,0,0,0,0,0,0,19351005,"3. First interview",3,"R"
"C19371376",0,0,0,0,0,0,0,0,0.983,0,0,0,0,0,0,0,19371376,"22. Dismissed",22,"D"
"C19377200",0,0,0,0,0,0,0,0,0,0,0,0.722,0,0,0,0,19377200,"3. First interview",3,"R"
"C19409505",0,0,0.646,0.938,0,0,0,0,0.982,0,0,0,0,0,0,0,19409505,"3. First interview",3,"R"
"C19410158",0,0,0.914,0,0,0,0,0,0.988,0,0,0,0,0,0,0,19410158,"20. Further to follow",20,"R"
"C19452975",0,0,0,0,0,0,0,0,0.981,0,0,0,0,0,0,0,19452975,"3. First interview",3,"R"
"C19564502",0,0,1,0,0,0,0,0,0.803,0,0,0,0,0,0,0,19564502,"20. Further to follow",20,"R"
"C19837193",0,0,0,0,0,0,0,0,0.521,0,0,0,0,0,0,0,19837193,"20. Further to follow",20,"R"
"C19861464",0,0,1,0,0,0,0,0,0,0,0,0,0,0,0,0,19861464,"3. First interview",3,"R"
"C19899529",0,0,1,0,0,0,0,0,0.763,0,0,0,0,0,0,0,19899529,"3. First interview",3,"R"
"C19906614",0,0,0.924,0,0,0,0.946,0,0.924,0,0,0,0,0,0,0,19906614,"4. Deal call candidate",4,"R"
"C19933161",0,0,0,0,0,0,0,0,0.959,0,0,0,0,0,0,0,19933161,"20. Further to follow",20,"R"
"C20138081",0,0,0,0,0,0,0,0,0,0,0,0,0,0,0,0,20138081,"3. First interview",3,"R"
"C20266425",0,0,0,0,0,0,0,0,0.961,0,0,0,0,0,0,0,20266425,"3. First interview",3,"R"
"C20298573",0,0,0,0,0,0,0,0,0.984,0,0,0,0,0,0,0,20298573,"3. First interview",3,"R"
"C20337733",0,0,0.506,0,0,0,0,0,0.989,0,0,0,0,0,0,0,20337733,"20. Further to follow",20,"R"
"C20437380",0,0,0.652,0,0,0,0,0,0,0,0,0,0,0,0,0,20437380,"22. Dismissed",22,"D"
"C20487122",0,0,0.907,0,0,0,0,0,1,0,0,0,0,0,0,0,20487122,"19. BAQ not returned",19,"R"
"C20511454",0,0,0,0,0,0,0,0,0.972,0,0,0,0,0,0,0,20511454,"20. Further to follow",20,"R"
"C20538180",0,0,0,0,0,0,0,0,0.989,0,0,0,0,0,0,0,20538180,"21. Discontinued",21,"D"
"C20547410",0,0,0,0,0,0,0,0,0.509,0,0,0,0,0,0,0,20547410,"22. Dismissed",22,"D"
"C20549158",0,0,0.818,0,0,0.917,0,0,0.962,0,0,0,0,0,0,0,20549158,"20. Further to follow",20,"R"
"C20652863",0,0,0.652,0,0,0,0,0,0.985,0,0,0,0,0,0,0,20652863,"2. Initial Contact Phase",2,"R"
"C20721120",0,0,0.591,0,0,0,0,0,0.596,0,0,0,0,0,0,0,20721120,"2. Initial Contact Phase",2,"R"
"C22488254",0,0,0.635,0,0,0,0,0,0.721,0,0,0,0,0,0,0,22488254,"22. Dismissed",22,"D"
"C22505183",0,0,0,0,0,0,0,0,0.982,0,0,0,0,0,0,0,22505183,"20. Further to follow",20,"R"
"C22662607",0,0,0.704,0,0,0,0,0,0.549,0,0,0,0,0,0,0,22662607,"22. Dismissed",22,"D"
"C22668077",0,0,1,0,0,0,0,0,0.622,0,0,0,0,0,0,0,22668077,"21. Discontinued",21,"D"
"C22671638",0,0,0.751,0,0,0,0,0,0.991,0,0,0,0,0,0,0,22671638,"9. BAQ",9,"R"
"C22672150",0,0,1,0,0,0,0,0,0.969,0,0,0,0,0,0,0,22672150,"21. Discontinued",21,"D"
"C22673120",0,0,0.902,0,0.781,0,0,0,0.981,0,0,0,0,0,0,0,22673120,"3. First interview",3,"R"
"C22674532",0,0,0.627,0,0,0,0,0,0.763,0,0,0,0,0,0,0,22674532,"3. First interview",3,"R"
"C22801235",0,0,0,0,0,0,0,0,0,0.992,0,0,0,0,0,0,22801235,"3. First interview",3,"R"
"C22811162",0,0,0.855,0,0,0,0,0,0.959,0,0,0,0,0,0,0,22811162,"3. First interview",3,"R"
"C22822372",0,0,1,0,0,0,0,0,1,0.972,0,0,0,0,0,0,22822372,"3. First interview",3,"R"
"C23620326",0,0,0,0,0,0,0,0,0.987,0,0,0,0,0,0,0,23620326,"22. Dismissed",22,"D"
"C23620881",0,0,0.633,0,0,0,0,0,0.993,0,0,0,0,0,0,0,23620881,"3. First interview",3,"R"
"C23666855",0,0,0,0,0,0,0,0,0.987,0,0,0,0,0,0,0,23666855,"3. First interview",3,"R"
"C23780695",0,0,0.979,0,0,0,0,0,0.931,0,0,0,0,0,0,0,23780695,"3. First interview",3,"R"
"C23782238",0,0,1,0,0,0,0,0,0.986,0,0,0,0,0,0,0,23782238,"20. Further to follow",20,"R"
"C23784297",0,0,0.676,0,0,0,0,0,0,0,0,0,0,0,0,0,23784297,"22. Dismissed",22,"D"
"C23786445",0,0,0,0,0,0,0,0,0,0,0,0,0,0,0,0,23786445,"3. First interview",3,"R"
"C23830933",0,0,0.986,0,0,0,0,0,0.981,0,0,0,0,0,0,0,23830933,"22. Dismissed",22,"D"
"C23849145",0,0,0.646,0,0,0,0,0,0.972,0,0,0,0,0,0,0,23849145,"4. Deal call candidate",4,"R"
"C24028244",0,0,0,0.928,0,0,0,0,0.97,0,0,0,0,0,0,0,24028244,"22. Dismissed",22,"D"
"C24039986",0,0,1,0,0,0,0,0,0.764,0,0,0,0,0,0,0,24039986,"21. Discontinued",21,"D"
"C24177255",0,0,1,0,0,0,0,0,0,0,0,0,0,0,0,0,24177255,"3. First interview",3,"R"
"C24187972",0,0,0.99,0,0,0,0,0,0,0,0,0,0,0,0,0,24187972,"4. Deal call candidate",4,"R"
"C24187973",0,0,1,0,0,0,0,0,0.942,0,0,0,0,0,0,0,24187973,"4. Deal call candidate",4,"R"
"C24278809",0,0,0.65,0,0,0,0.989,0,0.941,0,0,0,0,0,0,0,24278809,"22. Dismissed",22,"D"
"C24326311",0,0,0.907,0,0,0,0,0,0,0,0,0,0,0,0,0,24326311,"3. First interview",3,"R"
"C24328063",0,0,0,0.985,0,0,0,0,0.956,0,0,0,0,0,0,0,24328063,"22. Dismissed",22,"D"
"C24328248",0,0,0,1,0,0,0,0,0,0,0,0,0,0,0,0,24328248,"3. First interview",3,"R"
"C24338190",0,0,1,0,0,0,0,0,0.509,0,0,0,0,0,0,0,24338190,"22. Dismissed",22,"D"
"C24401740",0,0,0.684,0,0,0,0,0,0.987,0,0,0,0,0,0,0,24401740,"20. Further to follow",20,"R"
"C24502048",0,0,0.619,0,0,0,0,0,0.634,0,0,0,0,0,0,0,24502048,"22. Dismissed",22,"D"
"C24517571",0,0,0,0,0,0,0,0,0,0,0,0,0,0,0,0,24517571,"20. Further to follow",20,"R"
"C24561705",0,0,0,0,0,0,0,0,0.99,0,0,0,0,0,0,0,24561705,"3. First interview",3,"R"
"C24568971",0,0,0,0,0.923,0,0,0,0.716,0,0,0,0,0,0,0,24568971,"21. Discontinued",21,"D"
"C24570521",0,0,0.785,0,0,0,0,0,0.987,0,0,0,0,0,0,0,24570521,"22. Dismissed",22,"D"
"C24570560",0,0,0,0,0,0,0,0,0,0.987,0,0,0,0,0,0,24570560,"20. Further to follow",20,"R"
"C24610721",0,0,0.591,0.99,0,0,0,0,0.953,0,0,0,0,0,0,0,24610721,"22. Dismissed",22,"D"
"C24610911",0,0,0,0,0,0,0,0,1,0,0,0,0,0,0,0,24610911,"22. Dismissed",22,"D"
"C24611805",0,0,0.735,0,0,0,0,0,0.975,0,0,0,0,0,0,0,24611805,"22. Dismissed",22,"D"
"C24611820",0,0,0.806,0,0,0,0,0,0,0.985,0,0,0,0,0,0,24611820,"21. Discontinued",21,"D"
"C24612781",0,0,1,0,0,0,0,0,0,0,0,0,0,0,0,0,24612781,"20. Further to follow",20,"R"
"C24613240",0,0,0.997,0,0,0,0,0,0,0,0,0,0,0,0,0,24613240,"22. Dismissed",22,"D"
"C24615547",0,0,1,0,0,0,0,0,0.996,0,0,0,0,0,0,0,24615547,"21. Discontinued",21,"D"
"C24615636",0,0,1,0,0,0,0.988,0,0.763,0,0,0,0,0,0,0,24615636,"22. Dismissed",22,"D"
"C24616093",0,0,0.585,0,0,0,0,0,0,0,0,0,0,0,0,0,24616093,"3. First interview",3,"R"
"C24616197",0,0,0.958,0,0,0,0,0,0,0,0,0,0,0,0,0,24616197,"22. Dismissed",22,"D"
"C24616503",0,0,0.752,0,0,0,0,0,0.952,0,0,0,0,0,0,0,24616503,"22. Dismissed",22,"D"
"C24616550",0,0,0,0,0,0,0,0,0,0,0,0,0,0,0,0,24616550,"22. Dismissed",22,"D"
"C24617040",0,0,0.865,0,0,0,0,0,0.957,0,0,0.942,0,0,0,0,24617040,"3. First interview",3,"R"
"C24617949",0,0,0,0,0,0,0,0,0.8,0,0,0,0,0,0,0,24617949,"20. Further to follow",20,"R"
"C24617950",0,0,0.995,0,0,0,0,0,0.84,0,0,0,0,0,0,0,24617950,"22. Dismissed",22,"D"
"C24619020",0,0,0,0,0,1,0,0,0.995,0,0,0,0,0,0,0,24619020,"22. Dismissed",22,"D"
"C24623994",0,0,0.896,0,0.955,1,0,0,0,0,0,0,0,0,0,0,24623994,"22. Dismissed",22,"D"
"C24627122",0,0,0,1,0,0,0.988,0,0,0,0,0,0.921,0,0,0,24627122,"22. Dismissed",22,"D"
"C24627147",0,0,0.729,0,0,0,0,0,1,0,0,0,0,0,0,0,24627147,"3. First interview",3,"R"
"C24627178",0,0,1,0,0,0,0,0,0.982,0,0,0,0,0,0,0,24627178,"3. First interview",3,"R"
"C24627565",0,0,0.971,0,0,0,0,0,0,0,0,0,0,0,0,0,24627565,"22. Dismissed",22,"D"
"C24629010",0,0,0,0,0.956,0,0,0,0,0,0,0,0,0,0,0,24629010,"22. Dismissed",22,"D"
"C24631524",0,0,0.801,0,0,0,0,0,0.983,0,0,0,0,0,0,0,24631524,"22. Dismissed",22,"D"
"C24631540",0,0,1,0,0,0,0,0,0.987,0,0,0,0,0,0,0,24631540,"22. Dismissed",22,"D"
"C24631541",0,0,0.702,0,0,0,0,0,0.958,0,0,0,0,0,0,0,24631541,"3. First interview",3,"R"
"C24631694",0,0,0,0,0.971,0,0,0,0,0,0,0,0,0,0,0,24631694,"21. Discontinued",21,"D"
"C24631972",0,0,0.792,0,0,0,0,0,0.935,0,0,0,0,0,0,0,24631972,"3. First interview",3,"R"
"C24632023",0,0,1,0,0,0,0,0,0.797,0,0,0,0,0,0,0,24632023,"22. Dismissed",22,"D"
"C24632705",0,0,0,0,0,0,0,0,0.645,0,0,0,0,0,0,0,24632705,"22. Dismissed",22,"D"
"C24632848",0,0,0.924,0,0,0,0,0,0.97,0,0,0,0,0,0,0,24632848,"20. Further to follow",20,"R"
"C24650096",0,0,0,0,0.805,0,0,0,0.92,0,0,0,0,0,0,0,24650096,"2. Initial Contact Phase",2,"R"
"C24650112",0,0,0,0,0,0,0,0,0.989,0,0,0,0,0,0,0,24650112,"22. Dismissed",22,"D"
"C24650134",0,0,0.592,0,0.984,0,0.884,0,0.998,0,0,0,0,0,0,0,24650134,"22. Dismissed",22,"D"
"C24650135",0,0,0,0,0,0,0,0,0.97,0,0,0,0,0,0,0,24650135,"3. First interview",3,"R"
"C24650212",0,0,0,0,0.88,0,0,0,0,0,0,0,0,0,0,0,24650212,"22. Dismissed",22,"D"
"C24650244",0,0,1,0,0,0.571,0,0,0,0,0,0,0,0,0,0,24650244,"22. Dismissed",22,"D"
"C24650856",0,0,0.959,0,0,0,0,0,0.94,0,0,0,0,0,0,0,24650856,"20. Further to follow",20,"R"
"C24651189",0,0,1,0.983,0,0,0,0,0,0,0,0,0,0,0,0,24651189,"21. Discontinued",21,"D"
"C24651243",0,0,0,0,0,0,0,0,0.511,0,0,0,0,0,0,0,24651243,"22. Dismissed",22,"D"
"C24653463",0,0,0.956,0,0,0,0,0,0.963,0,0,0,0,0,0,0,24653463,"22. Dismissed",22,"D"
"C24653722",0,0,0.789,0,0,0,0,0,0.95,0,0,0,0,0,0,0,24653722,"22. Dismissed",22,"D"
"C24653740",0,0,0,0,0,0,0,0,0,0,0,0,0.762,0,0,0,24653740,"22. Dismissed",22,"D"
"C24654307",0,0,0,0,0,0,0,0,0,0,0,0,0,0,0,0,24654307,"22. Dismissed",22,"D"
"C24657013",0,0,0.895,1,0.951,0,0.988,0,0.636,0,0,0,0,0,0,0,24657013,"20. Further to follow",20,"R"
"C24659460",0,0,0,0,0,0,0,0,0.983,0,0,0,0,0,0,0,24659460,"21. Discontinued",21,"D"
"C24661802",0,0,0,0,0,0,0,0,0,0,0,0,0,0,0,0,24661802,"3. First interview",3,"R"
"C24672492",0,0,0,0,0,0,0,0,0.631,0,0,0,0,0,0,0,24672492,"22. Dismissed",22,"D"
"C24674641",0,0,0.631,0,0,0,0,0,0.983,0,0,0,0,0,0,0,24674641,"4. Deal call candidate",4,"R"
"C24676661",0,0,0.959,0,0,0,0,0,0.983,0,0,0,0,0,0,0,24676661,"22. Dismissed",22,"D"
"C24676776",0,0,0,0,0,0,0,0,0.536,0,0.939,0,0,0,0,0,24676776,"22. Dismissed",22,"D"
"C24676904",0,0,0.825,0,0,0,0,0,0.611,0,0,0,0,0,0,0,24676904,"22. Dismissed",22,"D"
"C24677240",0,0,1,0,0,0,0,0,0,0,0,0,0,0,0,0,24677240,"3. First interview",3,"R"
"C24677406",0,0,0.637,0,0,0,0.987,0,0,0,0,0,0,0,0,0,24677406,"22. Dismissed",22,"D"
"C24678473",0,0,0.733,0,0,0,0,0,0.973,0,0,0,0,0,0,0,24678473,"20. Further to follow",20,"R"
"C24678608",0,0,0,1,0,0,0,0,0,0,0,0,0,0,0,0,24678608,"22. Dismissed",22,"D"
"C24679334",0,0,0.676,0,0.846,0,0,0,0,0,0,0,0,0,0,0,24679334,"3. First interview",3,"R"
"C24679448",0,0,0,0,0,0,0,0,0.989,0,0,0,0,0,0,0,24679448,"22. Dismissed",22,"D"
"C24679572",0,0,0,0,0,0,0,0,0,1,0,0,0,0,0,0,24679572,"22. Dismissed",22,"D"
"C24681919",0,0,0.699,0,0,0,0,0,0.971,0,0,0,0,0,0,0,24681919,"22. Dismissed",22,"D"
"C24688103",0,0,1,0,0,0,0,0,0.988,0,0,0,0,0,0,0,24688103,"22. Dismissed",22,"D"
"C24690185",0,0,0.979,0,0,0,0,0,0,0,0,0,0,0,0,0,24690185,"22. Dismissed",22,"D"
"C24691262",0,0,0,0,0,0,0,0,0.638,0,0,0,0,0,0,0,24691262,"3. First interview",3,"R"
"C24691747",0,0,0.864,0,0,0,0,0,0.926,0,0,0,0,0,0,0,24691747,"22. Dismissed",22,"D"
"C24691951",0,0,1,0,0,0,0,0,0.969,0,0,0.859,0,0,0,0,24691951,"22. Dismissed",22,"D"
"C24691962",0,0,0.83,1,0,0,0,0,0.958,0,0,0,0,0,0,0,24691962,"20. Further to follow",20,"R"
"C24691999",0,0,0,0,0,0,0,0,0,0,0,0,0,0,0,0,24691999,"22. Dismissed",22,"D"
"C24692001",0,0,0.996,0,0,1,0,0,0,0,0,0,0,0,0,0,24692001,"22. Dismissed",22,"D"
"C24692034",0,0,1,0,0,0,0,0,0.986,0,0,0,0,0,0,0,24692034,"22. Dismissed",22,"D"
"C24692139",0,0,0.696,0,0.821,0,0,0,0,0,0,0,0,0,0,0,24692139,"2. Initial Contact Phase",2,"R"
"C24692321",0,0,1,0,0,0,0,0,0,0,0,0,0,0,0,0,24692321,"3. First interview",3,"R"
"C24692707",0,0,0,0,0,0,0,0,0,0,0,0,0,0,0,0,24692707,"4. Deal call candidate",4,"R"
"C24729302",0,0,0,0,0,0,0,0,0.998,0,0,0,0,0,0,0,24729302,"3. First interview",3,"R"
"C24729884",0,0,0,0,0,0,0,0,0,0,0,0,0,0,0,0,24729884,"20. Further to follow",20,"R"
"C24732378",0,0,1,0,0,0,0,0,1,0,0,1,0,0,0,0,24732378,"22. Dismissed",22,"D"
"C24751451",0,0,0,0,0,0,0,0,0.931,0,0,0,0,0,0,0,24751451,"21. Discontinued",21,"D"
"C24751718",0,0,0,1,0,0,0,0,0.519,0,0,0,0,0,0,0,24751718,"20. Further to follow",20,"R"
"C24775406",0,0,0.844,0.995,0,0,0,0,0,0,0,0,0,0,0,0,24775406,"22. Dismissed",22,"D"
"C24775830",0,0,0.825,0,0,0,0,0,0,0,0,0,0,0,0,0,24775830,"22. Dismissed",22,"D"
"C24786037",0,0,0.698,0,0,0,0,0,0,0,0,0,0,0,0,0,24786037,"3. First interview",3,"R"
"C24787181",0,0,0,0,0,0,0,0,0.953,0,0,0,0,0,0,0,24787181,"22. Dismissed",22,"D"
"C24787609",0,0,0,0,0,0,0,0,0.998,0,0,0,0,0,0,0,24787609,"22. Dismissed",22,"D"
"C24789464",0,0,0.845,0,1,0,1,0,0.98,0,0,0,0,0,0,0,24789464,"22. Dismissed",22,"D"
"C24890095",0,0,1,0,0,0,0,0,0.96,0,0,0,0,0,0,0,24890095,"2. Initial Contact Phase",2,"R"
"C24910549",0,0,0.781,0,0,0,0,0,0.836,0,0,0,0,0,0.886,0,24910549,"22. Dismissed",22,"D"
"C24910550",0,0,0,0,0,0,0,0,0.989,0,0,0,0,0,0,0,24910550,"22. Dismissed",22,"D"
"C24912664",0,0,0.971,0,0,0,0.988,0,0.973,0,0,0,0,0,0,0,24912664,"22. Dismissed",22,"D"
"C25119246",0,0,0,0,0,0,0,0,0.975,0,0,0,0,0,0,0,25119246,"6. Q&A",6,"R"
"C25119720",0,0,0,0,0,0,0,0,0.555,1,0,0,0,0,0,0,25119720,"1. Form Submitted",1,"R"
"C25119721",0,0,0,0,0,0,0,0,0,0,0,0,0,0,0,0,25119721,"2. Initial Contact Phase",2,"R"
"C25122924",0,0,0.823,0,0,0,0,0,0.933,0,0,0,1,0,0,0,25122924,"22. Dismissed",22,"D"
"C25149245",0,0,0,0,0,0,0,0.822,0,0,0,0,0,0,0,0,25149245,"22. Dismissed",22,"D"
"C25194474",0,0,0,0,0,0,0,0,0.929,0,0,0,0,0,0,0,25194474,"7. Deal call TOP 10",7,"R"
"C25195832",0,0,0.734,0,0,0,0,0,0,0.72,0,0,0,0,0,0,25195832,"4. Deal call candidate",4,"R"
"C25209741",0,0,0,0,0,0,0,0.863,0,0,0,0,0,0,0,0,25209741,"22. Dismissed",22,"D"
"C25360502",0,0,1,0,0,0,0,0,0.976,0,0,0,0,0,0,0,25360502,"3. First interview",3,"R"
"C25439899",0,0,1,0,0,0,0,0,0.93,0,0,0,0,0,0,0,25439899,"3. First interview",3,"R"
"C25461621",0,0,0,0,0,0,0,0,0.631,0.892,0,0,0,0,0,0,25461621,"22. Dismissed",22,"D"
"C25508402",0,0,0,0,0,0,0,0,0,0,1,0.911,0,0,1,0,25508402,"22. Dismissed",22,"D"
"C25615834",0,0,1,0,0,0,0,0,0.957,0.999,0,0,0,0,0,0,25615834,"20. Further to follow",20,"R"
"C25615872",0,0,0,0,0,0,0,0,0.965,0.996,0,0,0,0,0,0,25615872,"22. Dismissed",22,"D"
"C25702168",0,0,0,0,0,1,0,0,0.98,0,0,0,0,0,0,0,25702168,"20. Further to follow",20,"R"
"C25837383",0,0,1,1,0,0,0,0,1,0,0,0,0,0,0,0,25837383,"4. Deal call candidate",4,"R"
"C26159529",0,0,0,0,0,0,0,0,0.97,0.969,0,0,0,0,0,0,26159529,"20. Further to follow",20,"R"
"C26168867",0,0,1,0,0,0,0,0,0.525,0,0,0.6,0,0,0,0,26168867,"20. Further to follow",20,"R"
"C26321704",0,0,1,0,0,0,0,0,0,0,0,0,0,0,0,0,26321704,"6. Q&A",6,"R"
"C26340903",0,0,0,0,0,0,0,0,0.986,0,0,0,0,0,0,0,26340903,"3. First interview",3,"R"
"C26694075",0,0,0,0,0,0,0,0,0.982,0,0,0,0,0,0,0,26694075,"4. Deal call candidate",4,"R"
"C26701686",0,0,0.677,0,0,0,0,0,0,0,0,0,0,0,0,0,26701686,"22. Dismissed",22,"D"
"C26982552",0,0,1,0,0,0,0,0,0.683,0,0,0,0,0,0,0,26982552,"3. First interview",3,"R"
"C27229727",0,0,0,0,0,0,0,0,0.986,0,0,0,0,0,0,0,27229727,"3. First interview",3,"R"
"C27284223",0,0,0,0,0,0,0,0,0.962,0,0,0,0,0,0,0,27284223,"3. First interview",3,"R"
"C27333893",0,0,0.853,0,0,0,0,0,0,0,0,0,0,0,0,0,27333893,"20. Further to follow",20,"R"
"C27395757",0,0,0.62,0,0,0,0,0,0,0,0,0,0,0,0,0,27395757,"4. Deal call candidate",4,"R"
"C27551471",0,0,0,0,0,0,0,0,0.995,0.725,0,0,0,0,0,0,27551471,"20. Further to follow",20,"R"
"C27912135",0,0,0,0,0,0,0,0,0.948,0,0,0,0,0,0,0,27912135,"20. Further to follow",20,"R"
"C28018717",0,0,1,0,0,0,0,0,0.604,0,0,0,0,0,0,0,28018717,"20. Further to follow",20,"R"
"C28041796",0,0,1,0,0,0,0,0,0.97,0,0,0,0,0,0,0,28041796,"3. First interview",3,"R"
"C28067151",0,0,0,0,0,0,0,0,0.984,0,0,0,0,0,0,0,28067151,"4. Deal call candidate",4,"R"
"C28093913",0,0,0.591,0,0,0,0,0,0.971,0,0,0,0,0,0,0,28093913,"4. Deal call candidate",4,"R"
"C28259969",0,0,1,0,0,0,0,0,0.773,0,0,0,0,0,0,0,28259969,"20. Further to follow",20,"R"
"C28295704",0,0,1,0,0,0,0,0,0.975,0,0,0,0,0,0,0,28295704,"4. Deal call candidate",4,"R"
"C28329302",0,0,0.828,0,0,0,0,0,0.994,0,0,0,0,0,0,0,28329302,"6. Q&A",6,"R"
"C28391759",0,0,0.753,0,0,0,0.948,0,0.921,0,0,0,0,0,0,0,28391759,"20. Further to follow",20,"R"
"C28407076",0,0,0,0,0,0,0,0,0.934,0,0,0,0,0,0,0,28407076,"9. BAQ",9,"R"
"C28413447",0,0,0.827,0,0,0,0,0,0.992,0,0,0,0,0,0,0,28413447,"21. Discontinued",21,"D"
"C28449792",0,0,0.849,0,0,0,0,0,0.97,0,0,0,0,0,0,0,28449792,"5. Deal Call Pre-selection",5,"R"
"C28450241",0,0,1,0,0,0,0,0,0.948,0,0,0,0,0,0,0,28450241,"6. Q&A",6,"R"
"C28679961",0,0,0,0,0,0,0,0,0.728,0,0,0,0,0,0,0,28679961,"20. Further to follow",20,"R"
"C28680049",0,0,1,0,0,0,0,0,0,0,0,0,0,0,0,0,28680049,"9. BAQ",9,"R"
"C28793992",0,0,0.637,0,0,0,0,0,0.932,0,0,0,0,0,0,0,28793992,"3. First interview",3,"R"
"C28848737",0,0,0.916,0,0,0,0,0,0.947,0,0,0,0,0,0,0,28848737,"3. First interview",3,"R"
"C29020166",0,0,0,0,0,0,0,0,0.984,0,0,0,0,0,0,0,29020166,"1. Form Submitted",1,"R"
"C29069552",0,0,0,0,0,0,0,0,0.982,0,0,0,0,0,0,0,29069552,"20. Further to follow",20,"R"
"C29175490",0,0,0.62,0,0,0,0,0,0,0.995,0,0,0,0,0,0,29175490,"5. Deal Call Pre-selection",5,"R"
"C29180241",0,0,1,0,0,0,0,0,0.77,0,0,0,0,0,0,0,29180241,"1. Form Submitted",1,"R"
"C29194641",0,0,0.59,0,0,0,0,0,0.923,0,1,0,0,0,0,0,29194641,"1. Form Submitted",1,"R"
"C29196135",0,0,0,0,0,0,0,0,0.988,1,0,0,0,0,0,0,29196135,"4. Deal call candidate",4,"R"
"C29213597",0,0,0.722,0,0,0,0,0,0,0,0,0,0,0,0,0,29213597,"1. Form Submitted",1,"R"
"C29258402",0,0,0.658,0,0,0,0,0,0,0.964,0,0,0,0,0,0,29258402,"9. BAQ",9,"R"
"C29282497",0,0,0,1,0,0,0,0,0.959,0,0,0,0,0,0,0,29282497,"1. Form Submitted",1,"R"
"C29301425",0,0,0.585,0,0,0,0,0,1,0,0,0,1,0,0,0,29301425,"1. Form Submitted",1,"R"
"C29306499",0,0,0.864,0,0,0,0,0,0.954,0,0,0,0,0,0,0,29306499,"8. Deal call TOP 5",8,"R"
"C29307151",0,0,0.692,0.957,0,0,0,0,0.66,0,0,0,0,0,0,0,29307151,"5. Deal Call Pre-selection",5,"R"
"C29307512",0,0,0.909,0,0,0,0,0,0.983,0,0,0,0,0,0,0,29307512,"1. Form Submitted",1,"R"
"C29314168",0,0,0,0,0,0,0,0,0.718,0.988,0,0,0,0,0,0,29314168,"1. Form Submitted",1,"R"
"C29319839",0,0,0.833,0,0,0,0,0,0,1,0,0,0,0,0,0,29319839,"3. First interview",3,"R"
"C29326880",0,0,0,0,0,0,0,0,0.983,0.948,0,0,0,0,0,0,29326880,"3. First interview",3,"R"
"C29328079",0,0,0.911,0,0,0,0,0,0.716,0,0,0,0,0,0,0,29328079,"1. Form Submitted",1,"R"
"C29333685",0,0,0,0.995,0.805,0,0,0,0.954,0,0,0,0,0,0,0,29333685,"3. First interview",3,"R"
"C29347201",0,0,0,0,0,0,0,0,0.992,0,0,0,0,0,0,0,29347201,"1. Form Submitted",1,"R"
"C29356039",0,0,1,0,0,0,0,0,0.985,0,0,0,0,0,0,0,29356039,"3. First interview",3,"R"
"C29370069",0,0,0,0,0.966,0,0,0,0,0,0,0,0,0,0,0,29370069,"3. First interview",3,"R"
"C29445265",0,0,0.688,0,0,0,0,0,0.985,0.986,0,0,0,0,0,0,29445265,"1. Form Submitted",1,"R"
"C29459491",0,0,0.814,0,0,0,0,0,0.998,0,0,0,0,0,0,0,29459491,"1. Form Submitted",1,"R"
"C29488292",0,0,1,0,0,0,0,0,0.966,0,0,0,0,0,0,0,29488292,"20. Further to follow",20,"R"
"C29488662",0,0,0,0,0,0,0,0,0,1,0,0,0,0,0,0,29488662,"1. Form Submitted",1,"R"
"C29505176",0,0,0,0,0,0,0,0,0.954,0,0,0,0,0,0,0,29505176,"1. Form Submitted",1,"R"
"C29508585",0,0,0,0,0.78,0,0,0,0,0,0,0,0,0,0,0,29508585,"5. Deal Call Pre-selection",5,"R"
